{
    "LANDSAT": {
        "OLI": {
            "B1": {
                "SRF": [
                    7.3e-05,
                    0.0025245,
                    0.024767,
                    0.385985,
                    0.908749,
                    0.9805915,
                    0.986713,
                    0.9965685,
                    0.98278,
                    0.825707,
                    0.226412,
                    0.02557,
                    0.002414
                ],
                "wl": [
                    0.427,
                    0.457
                ]
            },
            "B2": {
                "SRF": [
                    1e-05,
                    0.000179,
                    0.000455,
                    0.0016335,
                    0.006869,
                    0.042888,
                    0.27137,
                    0.7907405,
                    0.903034,
                    0.9046775,
                    0.889667,
                    0.879232,
                    0.879688,
                    0.8897965,
                    0.848533,
                    0.8362705,
                    0.868497,
                    0.9114615,
                    0.931726,
                    0.9548965,
                    0.956424,
                    0.983834,
                    0.989469,
                    0.9680665,
                    0.988729,
                    0.9610575,
                    0.966125,
                    0.982077,
                    0.963135,
                    0.998249,
                    0.844893,
                    0.1195335,
                    0.005328,
                    0.0013285,
                    0.000516,
                    0.000117,
                    2.3e-05
                ],
                "wl": [
                    0.436,
                    0.526
                ]
            },
            "B3": {
                "SRF": [
                    -4.6e-05,
                    0.0001785,
                    0.000648,
                    0.001574,
                    0.003446,
                    0.0087325,
                    0.025513,
                    0.0969975,
                    0.353885,
                    0.803215,
                    0.954627,
                    0.9602715,
                    0.969873,
                    0.9698335,
                    0.977001,
                    0.995392,
                    0.982642,
                    0.971423,
                    0.946245,
                    0.962786,
                    0.966447,
                    0.9641765,
                    0.983397,
                    0.9708755,
                    0.978208,
                    0.9771825,
                    0.969181,
                    0.981277,
                    0.968886,
                    0.980432,
                    0.904478,
                    0.605139,
                    0.190467,
                    0.024735,
                    0.002574,
                    0.0002395,
                    0.0,
                    0.0,
                    0.0,
                    0.0
                ],
                "wl": [
                    0.512,
                    0.61
                ]
            },
            "B4": {
                "SRF": [
                    -0.000342,
                    0.0013725,
                    0.007197,
                    0.0486465,
                    0.299778,
                    0.834958,
                    0.950823,
                    0.957268,
                    0.984173,
                    0.9831725,
                    0.959441,
                    0.9544425,
                    0.981688,
                    0.9885015,
                    0.97696,
                    0.988942,
                    0.980678,
                    0.966466,
                    0.966928,
                    0.729107,
                    0.123946,
                    0.0125175,
                    0.001402,
                    0.0,
                    0.0,
                    0.0,
                    0.0
                ],
                "wl": [
                    0.625,
                    0.69
                ]
            },
            "B5": {
                "SRF": [
                    0.0,
                    7.5e-05,
                    0.000314,
                    0.0008525,
                    0.002107,
                    0.0059015,
                    0.017346,
                    0.066277,
                    0.249733,
                    0.66383,
                    0.960215,
                    0.9768695,
                    1.0,
                    0.978334,
                    0.957357,
                    0.950103,
                    0.94845,
                    0.9533555,
                    0.969821,
                    0.8398995,
                    0.448364,
                    0.137481,
                    0.034532,
                    0.0100205,
                    0.002944,
                    0.0009675,
                    0.000241,
                    1.55e-05,
                    0.0
                ],
                "wl": [
                    0.829,
                    0.899
                ]
            },
            "B6": {
                "SRF": [
                    0.0,
                    0.0002,
                    0.000466,
                    0.000845,
                    0.001369,
                    0.0020155,
                    0.002881,
                    0.0040215,
                    0.005528,
                    0.007889,
                    0.010989,
                    0.0152755,
                    0.021831,
                    0.0325615,
                    0.047864,
                    0.070949,
                    0.101893,
                    0.1508845,
                    0.220261,
                    0.310649,
                    0.42147,
                    0.552234,
                    0.676683,
                    0.771509,
                    0.854065,
                    0.8958235,
                    0.913009,
                    0.925058,
                    0.926413,
                    0.923818,
                    0.922828,
                    0.9224085,
                    0.926605,
                    0.943438,
                    0.946175,
                    0.9472975,
                    0.952859,
                    0.9513585,
                    0.959047,
                    0.9591915,
                    0.96147,
                    0.960494,
                    0.964703,
                    0.9699515,
                    0.976906,
                    0.9812715,
                    0.988609,
                    0.9990105,
                    0.999642,
                    0.989828,
                    0.967125,
                    0.926719,
                    0.840967,
                    0.723103,
                    0.573232,
                    0.422998,
                    0.291752,
                    0.195988,
                    0.128463,
                    0.082838,
                    0.052752,
                    0.0345655,
                    0.022504,
                    0.0147195,
                    0.009587,
                    0.006396,
                    0.004257,
                    0.002798,
                    0.001781,
                    0.001142,
                    0.000677,
                    0.000355,
                    0.000112
                ],
                "wl": [
                    1.515,
                    1.695
                ]
            },